akkidemon	{"id":"akki-demon","name":"Akki Demon","cr":"1","stats":{"PHYS":2,"CON":1,"INT":0,"SOC":0},"hp":6,"ac":1,"speed":5,"attacks":[{"id":"akki-way-strike","name":"Akki's Way Strike","formula":{"diceCount":1,"diceSides":1,"stat":"PHYS","flatBonus":1},"description":"Melee strike wielding Akki's Way."},{"id":"akki-projectile","name":"Demonic Projectile","formula":{"diceCount":1,"diceSides":4,"flatBonus":2},"description":"Ranged attack dealing 1d4 + 2 damage."}],"activeAbilities":[],"passiveAbilities":[],"resourcePools":[],"tags":["demon","akki","low-tier"]}
animatedarmor	{"id":"animated-armor","name":"Animated Armor","cr":"1","stats":{"PHYS":2,"CON":0,"INT":0,"SOC":0},"hp":5,"ac":1,"speed":5,"attacks":[{"id":"animated-armor-slam","name":"Slam","formula":{"diceCount":1,"diceSides":4,"stat":"PHYS","flatBonus":0},"description":"A heavy, metal-fisted slam."}],"activeAbilities":[],"passiveAbilities":[],"resourcePools":[{"id":"actions","name":"Actions","current":2,"max":2}],"tags":["construct","move-4","mr-2"]}
animatronic	{"id":"animatronic","name":"Animatronic","cr":"3","stats":{"PHYS":0,"CON":3,"INT":0,"SOC":0},"hp":16,"ac":4,"speed":3,"attacks":[{"id":"animatronic-bite","name":"Bite","formula":{"diceCount":1,"diceSides":6,"stat":"CON","flatBonus":0},"description":"A devastating clamp of mechanical jaws."}],"activeAbilities":[],"passiveAbilities":[{"id":"stalking-acceleration","name":"Stalking Acceleration","trigger":"turn_start","description":"Increases hunger_ticks by 1 at turn start. If hunger_ticks >= 2, speed doubles to 4 until a successful hit resets hunger_ticks to 0.","effects":[{"type":"note","note":"Check hunger_ticks pool. If >= 2, set speed tag to move-4. Reset to move-2 on hit."}]}],"resourcePools":[{"id":"actions","name":"Actions","current":1,"max":1},{"id":"hunger_ticks","name":"Turns Since Last Hit","current":0,"max":2}],"tags":["construct","move-2","mr-0"]}
bylandpecker	{"id":"byland-pecker","name":"Byland Pecker","cr":"1","stats":{"PHYS":1,"CON":1,"INT":0,"SOC":0},"hp":6,"ac":2,"mr":0,"speed":7,"attacks":[],"activeAbilities":[{"id":"kamikaze-dash","name":"Kamikaze Dash","target":"none","description":"Action. Moves up to full Speed directly toward the nearest enemy and immediately triggers Volatile Cluck.","effects":[{"type":"note","note":"After moving, deal 2d6 Magic damage to all creatures within 2 spaces (10 ft)."}]}],"passiveAbilities":[{"id":"volatile-cluck","name":"Volatile Cluck","trigger":"on_defeated","description":"When reduced to 0 HP or upon using its Action to Detonate, it explodes violently. Deals 2d6 Magic damage to all creatures within 2 spaces (10 ft).","effects":[{"type":"damage","formula":{"diceCount":2,"diceSides":6},"damageType":"magic","note":"Deals 2d6 Magic damage to all creatures within 2 spaces (10 ft)."}]}],"resourcePools":[],"tags":[]}
caverntroll	{"id":"cavern-troll","name":"Cavern Troll","cr":"5","stats":{"PHYS":11,"CON":8,"INT":3,"SOC":1},"hp":84,"ac":4,"attacks":[{"id":"claw","name":"Claw","formula":{"diceCount":1,"diceSides":6,"stat":"PHYS","flatBonus":2}},{"id":"bite","name":"Bite","formula":{"diceCount":1,"diceSides":8,"stat":"PHYS"}}],"activeAbilities":[{"id":"hurl","name":"Hurl Boulder","target":"player","cooldownTurns":2,"formula":{"diceCount":2,"diceSides":8,"stat":"PHYS"},"description":"Throws debris at distant targets."}],"passiveAbilities":[{"id":"regeneration","name":"Regeneration","trigger":"turn_start","description":"Regains HP at the start of its turn.","effects":[{"type":"heal_self","formula":{"diceCount":1,"diceSides":6,"stat":"CON","flatBonus":1}}]}],"tags":["giant","boss"]}
cryptskeleton	{"id":"crypt-skeleton","name":"Crypt Skeleton","cr":"1/4","stats":{"PHYS":6,"CON":0,"INT":2,"SOC":0},"hp":14,"ac":3,"attacks":[{"id":"rusted-blade","name":"Rusted Blade","formula":{"diceCount":1,"diceSides":6,"stat":"PHYS"}},{"id":"bone-shot","name":"Bone Shot","formula":{"diceCount":1,"diceSides":6,"stat":"PHYS"},"description":"Ranged 60 ft."}],"activeAbilities":[],"passiveAbilities":[{"id":"bone-guard","name":"Bone Guard","trigger":"on_damaged","description":"Reforms some bone plating when struck.","effects":[{"type":"heal_self","formula":{"diceCount":1,"diceSides":2}}]}],"tags":["undead","frontline"]}
flyingfirespitter	{"id":"flying-fire-spitter","name":"Flying Fire Spitter","cr":"2","stats":{"PHYS":2,"CON":4,"INT":0,"SOC":0},"hp":15,"ac":2,"mr":4,"speed":3,"attacks":[{"id":"small-fire-spit","name":"Small Fire Spit","formula":{"diceCount":1,"diceSides":4,"stat":"PHYS","flatBonus":0},"description":"A small spit of fire."},{"id":"melee-swipe","name":"Melee Swipe","formula":{"diceCount":1,"diceSides":4,"stat":"PHYS","flatBonus":2},"damageType":"true","description":"A melee swipe that deals true damage."}],"activeAbilities":[],"passiveAbilities":[{"id":"flight","name":"Flight","trigger":"encounter_start","description":"This creature can fly.","effects":[]}],"resourcePools":[],"tags":["flying"]}
goblinskirmisher	{"id":"goblin-skirmisher","name":"Goblin Skirmisher","cr":"1/4","stats":{"PHYS":6,"CON":2,"INT":2,"SOC":1},"hp":9,"ac":2,"attacks":[{"id":"scimitar","name":"Scimitar","formula":{"diceCount":1,"diceSides":6,"stat":"PHYS"}},{"id":"shortbow","name":"Shortbow","formula":{"diceCount":1,"diceSides":6,"stat":"PHYS","flatBonus":1},"description":"Ranged 60 ft."}],"activeAbilities":[{"id":"dirty-feint","name":"Dirty Feint","target":"player","cooldownTurns":2,"formula":{"diceCount":1,"diceSides":4,"stat":"PHYS"},"description":"Quick strike after a misdirection."}],"passiveAbilities":[{"id":"mob-pressure","name":"Mob Pressure","trigger":"on_attack_hit","description":"Deals bonus chip damage on successful attacks.","effects":[{"type":"damage","formula":{"diceCount":1,"diceSides":2}}]}],"tags":["humanoid","skirmisher"]}
lowtiergoon	{"id":"low-tier-goon","name":"Low Tier Goon","cr":"1","stats":{"PHYS":2,"CON":1,"INT":0,"SOC":0},"hp":4,"ac":1,"speed":5,"attacks":[{"id":"goon-melee","name":"Melee Strike","formula":{"diceCount":1,"diceSides":6,"stat":"PHYS","flatBonus":0},"description":"A straightforward clubbing blow or physical strike."},{"id":"goon-projectile","name":"Projectile Shot","formula":{"diceCount":1,"diceSides":4,"stat":"PHYS","flatBonus":0},"description":"A quick ranged attack targeting distant foes."}],"activeAbilities":[],"passiveAbilities":[],"resourcePools":[{"id":"actions","name":"Actions","current":1,"max":1}],"tags":["humanoid","move-4","mr-1"]}
orcraider	{"id":"orc-raider","name":"Orc Raider","cr":"1/2","stats":{"PHYS":8,"CON":5,"INT":3,"SOC":1},"hp":18,"ac":3,"attacks":[{"id":"greataxe","name":"Greataxe","formula":{"diceCount":1,"diceSides":12,"stat":"PHYS"}},{"id":"javelin","name":"Javelin","formula":{"diceCount":1,"diceSides":6,"stat":"PHYS"},"description":"Ranged 30 ft."}],"activeAbilities":[{"id":"war-cry","name":"War Cry","target":"player","cooldownTurns":3,"formula":{"diceCount":1,"diceSides":6,"stat":"SOC"},"description":"A brutal shout followed by a lunge."}],"passiveAbilities":[],"tags":["humanoid","bruiser"]}
rotzombie	{"id":"rot-zombie","name":"Rot Zombie","cr":"1/2","stats":{"PHYS":6,"CON":5,"INT":1,"SOC":0},"hp":24,"ac":2,"attacks":[{"id":"slam","name":"Slam","formula":{"diceCount":1,"diceSides":8,"stat":"PHYS"}}],"activeAbilities":[],"passiveAbilities":[{"id":"undead-fortitude","name":"Undead Fortitude","trigger":"on_threshold","description":"When near defeat, mends itself through raw stamina.","effects":[{"type":"heal_self","formula":{"diceCount":1,"diceSides":6,"stat":"CON"}}]}],"tags":["undead","bruiser"]}
thornwitch	{"id":"thorn-witch","name":"Thorn Witch","cr":"2","stats":{"PHYS":4,"CON":3,"INT":10,"SOC":3},"hp":29,"ac":3,"attacks":[{"id":"thorn-bolt","name":"Thorn Bolt","formula":{"diceCount":1,"diceSides":8,"stat":"INT"}}],"activeAbilities":[{"id":"vine-burst","name":"Vine Burst","target":"player","cooldownTurns":2,"resourceCost":{"resourceId":"focus","amount":1},"formula":{"diceCount":2,"diceSides":6,"stat":"INT"},"description":"Consumes focus to release constricting vines."}],"passiveAbilities":[{"id":"photosynthesis","name":"Photosynthesis","trigger":"turn_start","description":"Regains health each turn.","effects":[{"type":"heal_self","formula":{"diceCount":1,"diceSides":4,"stat":"INT"}}]},{"id":"focus-cycle","name":"Focus Cycle","trigger":"encounter_start","description":"Starts encounters with bonus focus.","effects":[{"type":"resource_gain","resourceId":"focus","formula":{"diceCount":1,"diceSides":1,"flatBonus":1}}]}],"resourcePools":[{"id":"focus","name":"Focus","current":2,"max":3}],"tags":["caster","controller"]}
wolf	{"id":"wolf","name":"Wolf","cr":"1","stats":{"PHYS":2,"CON":0,"INT":0,"SOC":0},"hp":6,"ac":2,"speed":6,"attacks":[{"id":"wolf-bite","name":"Bite","formula":{"diceCount":1,"diceSides":4,"stat":"PHYS","flatBonus":0},"description":"A swift, snapping bite using agility."}],"activeAbilities":[],"passiveAbilities":[],"resourcePools":[{"id":"actions","name":"Actions","current":1,"max":1}],"tags":["beast","move-6","mr-0"]}
zombie	{"id":"zombie","name":"Zombie","cr":"1","stats":{"PHYS":2,"CON":0,"INT":0,"SOC":0},"hp":5,"ac":4,"speed":3,"attacks":[{"id":"zombie-slam","name":"Slam","formula":{"diceCount":1,"diceSides":6,"stat":"PHYS","flatBonus":0},"description":"A relentless, heavy slam."}],"activeAbilities":[],"passiveAbilities":[{"id":"zombie-mindless-hunger","name":"Mindless Hunger","trigger":"turn_start","description":"The zombie is driven by instinct and always attacks the nearest enemy.","effects":[{"type":"note","note":"Targeting behavior override: Force attack on nearest enemy."}]}],"resourcePools":[{"id":"actions","name":"Actions","current":1,"max":1}],"tags":["undead","move-3","mr-0"]}
absolutearcanist	{"id":"absolute-arcanist","name":"Absolute Arcanist","cr":"2","stats":{"PHYS":1,"CON":2,"INT":4,"SOC":0},"hp":11,"ac":1,"mr":3,"speed":5,"attacks":[{"id":"arcanist-arcane-blast","name":"Arcane Blast","formula":{"diceCount":1,"diceSides":12,"flatBonus":4},"description":"Ranged spell attack dealing 1d12 + 4 magic damage."}],"activeAbilities":[{"id":"arcanist-power-drain","name":"Power Drain","target":"player","cooldownTurns":2,"maxCharges":1,"formula":{"diceCount":0,"diceSides":0,"flatBonus":0},"description":"Drains 1 spell slot level on hit.","effects":[]}],"passiveAbilities":[],"tags":["humanoid","move-5","mr-3"]}
alphawolf	{"id":"alpha-wolf","name":"Alpha Wolf","cr":"2","stats":{"PHYS":3,"CON":3,"INT":1,"SOC":0},"hp":18,"ac":2,"mr":0,"speed":7,"attacks":[{"id":"alpha-wolf-vicious-bite","name":"Vicious Bite","formula":{"diceCount":1,"diceSides":6,"flatBonus":3},"description":"Melee strike dealing 1d6 + 3 physical damage."}],"activeAbilities":[{"id":"alpha-wolf-pack-drag","name":"Pack Drag","target":"player","cooldownTurns":2,"maxCharges":1,"formula":{"diceCount":0,"diceSides":0,"flatBonus":0},"description":"Pulls a target 1 space closer.","effects":[]}],"passiveAbilities":[],"tags":["beast","move-7","mr-0"]}
banditcutthroat	{"id":"bandit-cutthroat","name":"Bandit Cutthroat","cr":"1","stats":{"PHYS":3,"CON":2,"INT":1,"SOC":0},"hp":11,"ac":2,"mr":0,"speed":6,"attacks":[{"id":"bandit-jagged-dagger","name":"Jagged Dagger","formula":{"diceCount":1,"diceSides":6,"flatBonus":3},"description":"Melee strike dealing 1d6 + 3 physical damage."}],"activeAbilities":[{"id":"bandit-hook-and-snare","name":"Hook & Snare","target":"player","cooldownTurns":2,"maxCharges":1,"formula":{"diceCount":0,"diceSides":0,"flatBonus":0},"description":"Pulls a target 1 space closer.","effects":[]}],"passiveAbilities":[],"tags":["humanoid","move-6","mr-0"]}
banditenforcer	{"id":"bandit-enforcer","name":"Bandit Enforcer","cr":"2","stats":{"PHYS":4,"CON":3,"INT":1,"SOC":0},"hp":20,"ac":3,"mr":0,"speed":5,"attacks":[{"id":"bandit-heavy-club","name":"Heavy Club","formula":{"diceCount":1,"diceSides":6,"flatBonus":4},"description":"Melee strike dealing 1d6 + 4 physical damage."}],"activeAbilities":[{"id":"bandit-shield-bash","name":"Shield Bash","target":"player","cooldownTurns":2,"maxCharges":1,"formula":{"diceCount":0,"diceSides":0,"flatBonus":2},"description":"Knocks target back 1 space and deals 2 flat physical damage.","effects":[]}],"passiveAbilities":[],"tags":["humanoid","move-5","mr-0"]}
bloodraptor	{"id":"blood-raptor","name":"Blood Raptor","cr":"2","stats":{"PHYS":4,"CON":2,"INT":0,"SOC":0},"hp":11,"ac":2,"mr":0,"speed":7,"attacks":[{"id":"raptor-rend-bite","name":"Rend Bite","formula":{"diceCount":1,"diceSides":10,"flatBonus":4},"description":"Melee strike dealing 1d10 + 4 physical damage."}],"activeAbilities":[],"passiveAbilities":[{"id":"raptor-blood-frenzy","name":"Blood Frenzy","trigger":"attack","description":"Deals +2 bonus damage against targets below half HP.","effects":[]}],"tags":["beast","move-7","mr-0"]}
boar	{"id":"boar","name":"Boar","cr":"1","stats":{"PHYS":3,"CON":3,"INT":0,"SOC":0},"hp":13,"ac":2,"mr":0,"speed":6,"attacks":[{"id":"boar-tusk-gore","name":"Tusk Gore","formula":{"diceCount":1,"diceSides":6,"flatBonus":3},"description":"Melee strike dealing 1d6 + 3 physical damage."}],"activeAbilities":[],"passiveAbilities":[{"id":"boar-relentless-charge","name":"Relentless Charge","trigger":"attack","description":"Deals +2 bonus damage if moving at least 2 spaces before attacking.","effects":[]}],"tags":["beast","move-6","mr-0"]}
cavebear	{"id":"cave-bear","name":"Cave Bear","cr":"2","stats":{"PHYS":4,"CON":4,"INT":0,"SOC":0},"hp":22,"ac":3,"mr":0,"speed":5,"attacks":[{"id":"cave-bear-heavy-maul","name":"Heavy Maul","formula":{"diceCount":1,"diceSides":6,"flatBonus":4},"description":"Melee strike dealing 1d6 + 4 physical damage."}],"activeAbilities":[],"passiveAbilities":[{"id":"cave-bear-enrage","name":"Enrage","trigger":"attack","description":"Deals +2 bonus damage on attacks while at or below 11 HP.","effects":[]}],"tags":["beast","move-5","mr-0"]}
caveviper	{"id":"cave-viper","name":"Cave Viper","cr":"2","stats":{"PHYS":4,"CON":1,"INT":0,"SOC":0},"hp":10,"ac":2,"mr":0,"speed":7,"attacks":[{"id":"viper-deadly-strike","name":"Deadly Strike","formula":{"diceCount":1,"diceSides":12,"flatBonus":4},"description":"Melee strike dealing 1d12 + 4 physical damage."}],"activeAbilities":[],"passiveAbilities":[],"tags":["beast","move-7","mr-0"]}
direboar	{"id":"dire-boar","name":"Dire Boar","cr":"2","stats":{"PHYS":4,"CON":4,"INT":0,"SOC":0},"hp":20,"ac":2,"mr":0,"speed":6,"attacks":[{"id":"dire-boar-heavy-gore","name":"Heavy Gore","formula":{"diceCount":1,"diceSides":6,"flatBonus":4},"description":"Melee strike dealing 1d6 + 4 physical damage."}],"activeAbilities":[],"passiveAbilities":[{"id":"dire-boar-heavy-charge","name":"Heavy Charge","trigger":"attack","description":"Deals +2 bonus damage if moving at least 2 spaces before attacking.","effects":[]}],"tags":["beast","move-6","mr-0"]}
flyingspelltomeswarm	{"id":"flying-spell-tome-swarm","name":"Flying Spell-Tome Swarm","cr":"2","stats":{"PHYS":1,"CON":1,"INT":4,"SOC":0},"hp":11,"ac":2,"mr":2,"speed":8,"attacks":[{"id":"flying-spell-tome-swarm-papercut-barrage","name":"Papercut Barrage","formula":{"diceCount":1,"diceSides":4,"flatBonus":4},"damageType":"magic","description":"Ranged attack dealing 1d4 + 4 magic damage."}],"activeAbilities":[{"id":"flying-spell-tome-swarm-page-whirlwind","name":"Page Whirlwind","target":"none","cooldownTurns":2,"formula":{"diceCount":0,"diceSides":0,"flatBonus":0},"description":"Teleports up to 4 spaces, dealing 2 flat magic damage to all adjacent enemies at the destination.","effects":[]}],"passiveAbilities":[],"tags":["swarm","move-8","fly","mr-2","medium"]}
frostdrakewhelp	{"id":"frost-drake-whelp","name":"Frost Drake Whelp","cr":"2","stats":{"PHYS":3,"CON":2,"INT":2,"SOC":0},"hp":19,"ac":2,"mr":2,"speed":6,"attacks":[{"id":"frost-drake-bite","name":"Frost Bite","formula":{"diceCount":1,"diceSides":6,"flatBonus":3},"description":"Melee strike dealing 1d6 + 3 magic damage."}],"activeAbilities":[],"passiveAbilities":[{"id":"frost-drake-frost-burst","name":"Frost Burst","trigger":"death","description":"Explodes on 0 HP, dealing 2 flat magic damage to all adjacent targets.","effects":[]}],"tags":["beast","move-6","mr-2"]}
frosthound	{"id":"frost-hound","name":"Frost Hound","cr":"1","stats":{"PHYS":3,"CON":2,"INT":0,"SOC":0},"hp":11,"ac":2,"mr":1,"speed":6,"attacks":[{"id":"frost-hound-glacial-bite","name":"Glacial Bite","formula":{"diceCount":1,"diceSides":6,"flatBonus":3},"description":"Melee strike dealing 1d6 + 3 physical damage."}],"activeAbilities":[],"passiveAbilities":[{"id":"frost-hound-frostbite","name":"Frostbite","trigger":"hit","description":"Successful hits reduce target's Speed by 2 for 1 turn.","effects":[]}],"tags":["beast","move-6","mr-1"]}
glasssentry	{"id":"glass-sentry","name":"Glass Sentry","cr":"2","stats":{"PHYS":4,"CON":2,"INT":0,"SOC":0},"hp":13,"ac":2,"mr":1,"speed":5,"attacks":[{"id":"sentry-glass-scythe","name":"Glass Scythe","formula":{"diceCount":2,"diceSides":6,"flatBonus":5},"description":"Melee strike dealing 2d6 + 5 physical damage."}],"activeAbilities":[],"passiveAbilities":[{"id":"sentry-shatter-burst","name":"Shatter Burst","trigger":"death","description":"Explodes on 0 HP, dealing 3 flat magic damage to all adjacent targets.","effects":[]}],"tags":["construct","move-5","mr-1"]}
gloombat	{"id":"gloom-bat","name":"Gloom Bat","cr":"1","stats":{"PHYS":2,"CON":1,"INT":0,"SOC":0},"hp":8,"ac":2,"mr":1,"speed":7,"attacks":[{"id":"gloom-bat-wing-buffet","name":"Wing Buffet","formula":{"diceCount":1,"diceSides":4,"flatBonus":2},"description":"Melee strike dealing 1d4 + 2 physical damage."}],"activeAbilities":[{"id":"gloom-bat-gust-push","name":"Gust Push","target":"player","cooldownTurns":2,"maxCharges":1,"formula":{"diceCount":0,"diceSides":0,"flatBonus":0},"description":"Knocks target back 1 space.","effects":[]}],"passiveAbilities":[],"tags":["beast","move-7","mr-1"]}
harpyscreamer	{"id":"harpy-screamer","name":"Harpy Screamer","cr":"2","stats":{"PHYS":3,"CON":2,"INT":1,"SOC":0},"hp":18,"ac":2,"mr":1,"speed":6,"attacks":[{"id":"harpy-talon-slash","name":"Talon Slash","formula":{"diceCount":1,"diceSides":6,"flatBonus":3},"description":"Melee strike dealing 1d6 + 3 physical damage."}],"activeAbilities":[{"id":"harpy-screech","name":"Screech","target":"player","cooldownTurns":2,"maxCharges":1,"formula":{"diceCount":0,"diceSides":0,"flatBonus":0},"description":"Knocks target back 1 space.","effects":[]}],"passiveAbilities":[],"tags":["beast","move-6","mr-1"]}
highwaycaptain	{"id":"highway-captain","name":"Highway Captain","cr":"2","stats":{"PHYS":4,"CON":3,"INT":1,"SOC":1},"hp":21,"ac":3,"mr":0,"speed":6,"attacks":[{"id":"highway-captain-officer-saber","name":"Officer Saber","formula":{"diceCount":1,"diceSides":6,"flatBonus":4},"description":"Melee strike dealing 1d6 + 4 physical damage."}],"activeAbilities":[{"id":"highway-captain-heavy-grapple","name":"Heavy Grapple","target":"player","cooldownTurns":2,"maxCharges":1,"formula":{"diceCount":0,"diceSides":0,"flatBonus":0},"description":"Pulls a target 3 spaces closer.","effects":[]}],"passiveAbilities":[],"tags":["humanoid","move-6","mr-0"]}
icesprite	{"id":"ice-sprite","name":"Ice Sprite","cr":"1","stats":{"PHYS":1,"CON":1,"INT":3,"SOC":0},"hp":7,"ac":2,"mr":2,"speed":6,"attacks":[{"id":"ice-sprite-frost-ray","name":"Frost Ray","formula":{"diceCount":1,"diceSides":4,"flatBonus":3},"description":"Ranged attack dealing 1d4 + 3 cold damage."}],"activeAbilities":[],"passiveAbilities":[{"id":"ice-sprite-chilling-touch","name":"Chilling Touch","trigger":"hit","description":"Successful hits reduce target's Speed by 2 for 1 turn.","effects":[]}],"tags":["fey","move-6","mr-2"]}
leechswarm	{"id":"leech-swarm","name":"Leech Swarm","cr":"1","stats":{"PHYS":2,"CON":2,"INT":0,"SOC":0},"hp":8,"ac":1,"mr":0,"speed":5,"attacks":[{"id":"leech-swarm-bite","name":"Swarm Bite","formula":{"diceCount":1,"diceSides":4,"flatBonus":2},"description":"Melee strike dealing 1d4 + 2 physical damage."}],"activeAbilities":[],"passiveAbilities":[{"id":"leech-swarm-life-drain","name":"Life Drain","trigger":"hit","description":"Restores 2 HP to self on a successful hit.","effects":[]}],"tags":["beast","move-5","mr-0"]}
lesserminotaur	{"id":"lesser-minotaur","name":"Lesser Minotaur","cr":"2","stats":{"PHYS":5,"CON":4,"INT":0,"SOC":0},"hp":24,"ac":2,"mr":0,"speed":5,"attacks":[{"id":"minotaur-greataxe-cleave","name":"Greataxe Cleave","formula":{"diceCount":1,"diceSides":8,"flatBonus":5},"description":"Melee strike dealing 1d8 + 5 physical damage."}],"activeAbilities":[{"id":"minotaur-bull-rush","name":"Bull Rush","target":"player","cooldownTurns":2,"maxCharges":1,"formula":{"diceCount":0,"diceSides":0,"flatBonus":0},"description":"Knocks target back 1 space on hit.","effects":[]}],"passiveAbilities":[],"tags":["beast","move-5","mr-0"]}
lightningelemental	{"id":"lightning-elemental","name":"Lightning Elemental","cr":"2","stats":{"PHYS":1,"CON":1,"INT":4,"SOC":0},"hp":10,"ac":2,"mr":2,"speed":8,"attacks":[{"id":"elemental-zap-strike","name":"Zap Strike","formula":{"diceCount":2,"diceSides":6,"flatBonus":4},"description":"Melee strike dealing 2d6 + 4 magic damage."}],"activeAbilities":[],"passiveAbilities":[{"id":"elemental-shock-burst","name":"Shock Burst","trigger":"death","description":"Explodes on 0 HP, dealing 3 flat magic damage to all adjacent targets.","effects":[]}],"tags":["elemental","move-8","mr-2"]}
magmin	{"id":"magmin","name":"Magmin","cr":"1","stats":{"PHYS":2,"CON":2,"INT":1,"SOC":0},"hp":10,"ac":2,"mr":1,"speed":4,"attacks":[{"id":"magmin-searing-touch","name":"Searing Touch","formula":{"diceCount":1,"diceSides":6,"flatBonus":2},"description":"Melee strike dealing 1d6 + 2 fire damage."}],"activeAbilities":[],"passiveAbilities":[{"id":"magmin-death-burst","name":"Death Burst","trigger":"death","description":"Explodes on 0 HP, dealing 2 flat fire damage to all adjacent targets.","effects":[]}],"tags":["elemental","move-4","mr-1"]}
manaleech	{"id":"mana-leech","name":"Mana Leech","cr":"1","stats":{"PHYS":1,"CON":1,"INT":3,"SOC":0},"hp":8,"ac":2,"mr":2,"speed":5,"attacks":[{"id":"mana-leech-arcane-siphon","name":"Arcane Siphon","formula":{"diceCount":1,"diceSides":4,"flatBonus":3},"description":"Melee strike dealing 1d4 + 3 magic damage."}],"activeAbilities":[{"id":"mana-leech-drain-power","name":"Drain Power","target":"player","cooldownTurns":2,"maxCharges":1,"formula":{"diceCount":0,"diceSides":0,"flatBonus":0},"description":"Drains 1 spell slot level or 1 item charge from target on hit.","effects":[]}],"passiveAbilities":[],"tags":["aberration","move-5","mr-2"]}
mucklurker	{"id":"muck-lurker","name":"Muck Lurker","cr":"1","stats":{"PHYS":3,"CON":3,"INT":0,"SOC":0},"hp":14,"ac":2,"mr":0,"speed":5,"attacks":[{"id":"muck-lurker-silt-snap","name":"Silt Snap","formula":{"diceCount":1,"diceSides":6,"flatBonus":3},"description":"Melee strike dealing 1d6 + 3 physical damage."}],"activeAbilities":[{"id":"muck-lurker-drag-under","name":"Drag Under","target":"player","cooldownTurns":2,"maxCharges":1,"formula":{"diceCount":0,"diceSides":0,"flatBonus":0},"description":"Pulls a target 1 space closer.","effects":[]}],"passiveAbilities":[],"tags":["beast","move-5","mr-0"]}
needleblight	{"id":"needle-blight","name":"Needle Blight","cr":"1","stats":{"PHYS":3,"CON":2,"INT":0,"SOC":0},"hp":11,"ac":2,"mr":0,"speed":5,"attacks":[{"id":"needle-blight-volley","name":"Needle Volley","formula":{"diceCount":1,"diceSides":6,"flatBonus":3},"description":"Ranged attack dealing 1d6 + 3 physical damage."}],"activeAbilities":[],"passiveAbilities":[{"id":"needle-blight-thorns","name":"Thorns","trigger":"damage_taken","description":"Deals 1 flat damage back to melee attackers when hit by a melee attack.","effects":[]}],"tags":["plant","move-5","mr-0"]}
orderinitiate	{"id":"order-initiate","name":"Order Initiate","cr":"1","stats":{"PHYS":2,"CON":2,"INT":2,"SOC":1},"hp":12,"ac":1,"mr":3,"speed":5,"attacks":[{"id":"order-radiant-bolt","name":"Radiant Bolt","formula":{"diceCount":1,"diceSides":6,"flatBonus":2},"description":"Ranged spell attack dealing 1d6 + 2 radiant damage."}],"activeAbilities":[{"id":"order-aegis-ward","name":"Aegis Ward","target":"ally","cooldownTurns":2,"maxCharges":1,"formula":{"diceCount":0,"diceSides":0,"flatBonus":0},"description":"Grants self or an ally +2 AC for 1 turn.","effects":[]}],"passiveAbilities":[],"tags":["humanoid","move-5","mr-3"]}
roguemarksman	{"id":"rogue-marksman","name":"Rogue Marksman","cr":"2","stats":{"PHYS":4,"CON":2,"INT":1,"SOC":0},"hp":11,"ac":2,"mr":0,"speed":6,"attacks":[{"id":"marksman-heavy-crossbow","name":"Heavy Crossbow","formula":{"diceCount":1,"diceSides":10,"flatBonus":5},"description":"Ranged strike dealing 1d10 + 5 physical damage."}],"activeAbilities":[{"id":"marksman-disengaging-shot","name":"Disengaging Shot","target":"player","cooldownTurns":2,"maxCharges":1,"formula":{"diceCount":0,"diceSides":0,"flatBonus":0},"description":"Knocks target back 1 space.","effects":[]}],"passiveAbilities":[],"tags":["humanoid","move-6","mr-0"]}
rokuganveteran	{"id":"rokugan-veteran","name":"Rokugan Veteran","cr":"2","stats":{"PHYS":4,"CON":3,"INT":2,"SOC":1},"hp":19,"ac":3,"mr":1,"speed":6,"attacks":[{"id":"rokugan-katana-strike","name":"Katana Strike","formula":{"diceCount":1,"diceSides":8,"flatBonus":4},"description":"Melee strike dealing 1d8 + 4 physical damage."}],"activeAbilities":[{"id":"rokugan-disarming-strike","name":"Disarming Strike","target":"player","cooldownTurns":2,"maxCharges":1,"formula":{"diceCount":0,"diceSides":0,"flatBonus":0},"description":"Knocks target back 1 space.","effects":[]}],"passiveAbilities":[],"tags":["humanoid","move-6","mr-1"]}
runecarvedbrassautomaton	{"id":"rune-carved-brass-automaton","name":"Rune-Carved Brass Automaton","cr":"2","stats":{"PHYS":3,"CON":5,"INT":0,"SOC":0},"hp":28,"ac":3,"mr":2,"speed":4,"attacks":[{"id":"rune-carved-brass-automaton-piston-slam","name":"Piston Slam","formula":{"diceCount":1,"diceSides":4,"flatBonus":3},"damageType":"physical","description":"Deals 1d4 + 3 physical damage."}],"activeAbilities":[],"passiveAbilities":[{"id":"rune-carved-brass-automaton-anchor-frame","name":"Anchor Frame","trigger":"encounter_start","description":"Immune to push and pull forced movement effects.","effects":[]}],"tags":["construct","move-4","mr-2","medium"]}
shadowassassin	{"id":"shadow-assassin","name":"Shadow Assassin","cr":"2","stats":{"PHYS":4,"CON":2,"INT":1,"SOC":0},"hp":18,"ac":2,"mr":0,"speed":7,"attacks":[{"id":"shadow-blade-strike","name":"Shadow Blade","formula":{"diceCount":1,"diceSides":6,"flatBonus":4},"description":"Melee strike dealing 1d6 + 4 physical damage."}],"activeAbilities":[],"passiveAbilities":[{"id":"shadow-assassin-ambush","name":"Ambush","trigger":"attack","description":"Deals +2 bonus damage if moving at least 2 spaces before attacking.","effects":[]}],"tags":["humanoid","move-7","mr-0"]}
shadowbladeassassin	{"id":"shadow-blade-assassin","name":"Shadow Blade Assassin","cr":"2","stats":{"PHYS":4,"CON":2,"INT":1,"SOC":0},"hp":12,"ac":2,"mr":0,"speed":7,"attacks":[{"id":"assassin-shadow-strike","name":"Shadow Strike","formula":{"diceCount":2,"diceSides":6,"flatBonus":5},"description":"Melee strike dealing 2d6 + 5 physical damage."}],"activeAbilities":[],"passiveAbilities":[{"id":"assassin-flank-strike","name":"Flank Strike","trigger":"attack","description":"Deals +2 bonus damage if moving at least 2 spaces before attacking.","effects":[]}],"tags":["humanoid","move-7","mr-0"]}
shadowpanther	{"id":"shadow-panther","name":"Shadow Panther","cr":"2","stats":{"PHYS":4,"CON":2,"INT":0,"SOC":0},"hp":12,"ac":2,"mr":0,"speed":7,"attacks":[{"id":"panther-pounce-slash","name":"Pounce Slash","formula":{"diceCount":2,"diceSides":6,"flatBonus":4},"description":"Melee strike dealing 2d6 + 4 physical damage."}],"activeAbilities":[],"passiveAbilities":[{"id":"panther-ambush","name":"Ambush","trigger":"attack","description":"Deals +2 bonus damage if moving at least 2 spaces before attacking.","effects":[]}],"tags":["beast","move-7","mr-0"]}
skeletonwarrior	{"id":"skeleton-warrior","name":"Skeleton Warrior","cr":"1","stats":{"PHYS":3,"CON":2,"INT":0,"SOC":0},"hp":12,"ac":3,"mr":0,"speed":5,"attacks":[{"id":"skeleton-bone-strike","name":"Bone Strike","formula":{"diceCount":1,"diceSides":6,"flatBonus":3},"description":"Melee/Ranged strike dealing 1d6 + 3 physical damage."}],"activeAbilities":[],"passiveAbilities":[{"id":"skeleton-reassemble","name":"Reassemble","trigger":"death","description":"When reduced to 0 HP, reassembles with 1 HP at the start of its next turn unless completely destroyed.","effects":[]}],"tags":["undead","move-5","mr-0"]}
smugglerdeckhand	{"id":"smuggler-deckhand","name":"Smuggler Deckhand","cr":"1","stats":{"PHYS":3,"CON":2,"INT":1,"SOC":0},"hp":12,"ac":2,"mr":0,"speed":5,"attacks":[{"id":"smuggler-cutlass-slash","name":"Cutlass Slash","formula":{"diceCount":1,"diceSides":6,"flatBonus":3},"description":"Melee strike dealing 1d6 + 3 physical damage."}],"activeAbilities":[{"id":"smuggler-grappling-hook","name":"Grappling Hook","target":"player","cooldownTurns":2,"maxCharges":1,"formula":{"diceCount":0,"diceSides":0,"flatBonus":0},"description":"Pulls a target 1 space closer or moves self 1 space closer to target.","effects":[]}],"passiveAbilities":[],"tags":["humanoid","move-5","mr-0"]}
snowgolem	{"id":"snow-golem","name":"Snow Golem","cr":"1","stats":{"PHYS":3,"CON":3,"INT":0,"SOC":0},"hp":16,"ac":2,"mr":1,"speed":4,"attacks":[{"id":"snow-golem-frozen-slam","name":"Frozen Slam","formula":{"diceCount":1,"diceSides":6,"flatBonus":3},"description":"Melee strike dealing 1d6 + 3 physical damage."}],"activeAbilities":[],"passiveAbilities":[{"id":"snow-golem-shatter-burst","name":"Shatter Burst","trigger":"death","description":"Explodes on 0 HP, dealing 2 flat cold damage and -2 Speed to all adjacent targets.","effects":[]}],"tags":["construct","move-4","mr-1"]}
stonegolem	{"id":"stone-golem","name":"Stone Golem","cr":"2","stats":{"PHYS":5,"CON":4,"INT":0,"SOC":0},"hp":24,"ac":4,"mr":1,"speed":4,"attacks":[{"id":"stone-golem-rock-slam","name":"Rock Slam","formula":{"diceCount":1,"diceSides":8,"flatBonus":5},"description":"Melee strike dealing 1d8 + 5 physical damage."}],"activeAbilities":[],"passiveAbilities":[{"id":"stone-golem-rigid-form","name":"Rigid Form","trigger":"movement","description":"Immune to push and pull forced movement.","effects":[]}],"tags":["construct","move-4","mr-1"]}
swamptroll	{"id":"swamp-troll","name":"Swamp Troll","cr":"2","stats":{"PHYS":4,"CON":4,"INT":0,"SOC":0},"hp":22,"ac":2,"mr":0,"speed":5,"attacks":[{"id":"troll-heavy-claw","name":"Heavy Claw","formula":{"diceCount":1,"diceSides":6,"flatBonus":4},"description":"Melee strike dealing 1d6 + 4 physical damage."}],"activeAbilities":[],"passiveAbilities":[{"id":"troll-regeneration","name":"Regeneration","trigger":"turn_start","description":"Restores 2 HP to self at the start of its turn.","effects":[]}],"tags":["beast","move-5","mr-0"]}
viper	{"id":"viper","name":"Viper","cr":"1","stats":{"PHYS":2,"CON":1,"INT":0,"SOC":0},"hp":7,"ac":2,"mr":0,"speed":7,"attacks":[{"id":"viper-quick-strike","name":"Quick Strike","formula":{"diceCount":1,"diceSides":4,"flatBonus":2},"description":"Melee strike dealing 1d4 + 2 physical damage."}],"activeAbilities":[],"passiveAbilities":[{"id":"viper-slowing-bite","name":"Slowing Bite","trigger":"hit","description":"Successful hits reduce target's Speed by 2 for 1 turn.","effects":[]}],"tags":["beast","move-7","mr-0"]}
wightknight	{"id":"wight-knight","name":"Wight Knight","cr":"2","stats":{"PHYS":4,"CON":3,"INT":1,"SOC":0},"hp":22,"ac":3,"mr":1,"speed":5,"attacks":[{"id":"wight-cursed-longsword","name":"Cursed Longsword","formula":{"diceCount":1,"diceSides":6,"flatBonus":4},"omnivamp":50,"description":"Melee strike dealing 1d6 + 4 physical damage."}],"activeAbilities":[],"passiveAbilities":[{"id":"wight-vampiric-strike","name":"Vampiric Strike","trigger":"hit","description":"Omnivamp 50% — restores HP equal to 50% of damage dealt on a hit (rounded up).","effects":[]}],"tags":["undead","move-5","mr-1"]}
